{
    "gpu": "",
    "worker": 0,
    "data_path": "data/indy_net_sample.txt",
    "use_every_nth": 1.0,
    "splitted_data": false,
    "train_size": 0.8,
    "val_size": 0.1,
    "test_size": 0.1,
    "cut_hist_probability": 0.5,
    "hist_min_len": 5,
    "enc_dec_layer": "lstm",
    "decoder_type": "original",
    "encoder_size": 64,
    "decoder_size": 128,
    "in_length": 30,
    "out_length": 50,
    "dyn_embedding_size": 32,
    "input_embedding_size": 32,
    "train_flag": true,
    "save_path": "train/trained_models/indy_net",
    "save_best": true,
    "loss_fn": "WMSE",
    "lr_rmse": 1e-3,
    "lr_nll": 1e-3,
    "lr_rmse_decay_rate": 0.96,
    "tb_logs": "train/tb_logs",
    "pretrainEpochs": 4,
    "trainEpochs": 2,
    "batch_size": 64,
    "online_layer": 0,
    "ego_awareness": false
}